condition_grouper_name,condition_grouper_canonical_url,condition_grouper_version,coverage_level,coverage_reason,coverage_date,rsg_count,rsgs,acg_count,acgs,unresolved_count,unresolved_refs,total_rsg_codes,total_acg_codes,total_codes_in_cg,expansion_code_count,expansion_vs_composition
Acanthamoeba,https://tes.tools.aimsplatform.org/api/fhir/ValueSet/ceef5555-ce1a-42ff-a124-6508eec46658,6.0.0,,,,1,49649001 Acanthamoeba (955 codes),0,,0,,955,0,955,955,match
Acute Flaccid Myelitis (AFM),https://tes.tools.aimsplatform.org/api/fhir/ValueSet/cd811f61-3abc-47ad-8fe5-cc62ee1ceb45,6.0.0,,,,3,897031002 Acute Flaccid Myelitis (AFM) (77 codes) | 47000000 Acute Flaccid Myelitis (47 codes) | 698293005 Acute Flaccid Myelitis (37 codes),0,,0,,77,0,77,77,match
Agricultural Chemicals (Fertilizer) Poisoning,https://tes.tools.aimsplatform.org/api/fhir/ValueSet/a13c5fc6-8719-4f3b-bb09-3073b2d6b8c6,6.0.0,,,,1,216809001 Agricultural Chemicals (Fertilizer) Poisoning (11 codes),0,,0,,11,0,11,11,match
Alpha-gal Syndrome,https://tes.tools.aimsplatform.org/api/fhir/ValueSet/3196416d-4f94-40ec-bc6f-e7f42772f459,6.0.0,,,,1,788781001 Alpha-gal Syndrome (15 codes),0,,0,,15,0,15,15,match
Amebiasis,https://tes.tools.aimsplatform.org/api/fhir/ValueSet/15819c26-779c-43ae-974e-5128875493b6,6.0.0,,,,1,388759003 Amebiasis (541 codes),0,,0,,541,0,541,541,match
Anaplasmosis,https://tes.tools.aimsplatform.org/api/fhir/ValueSet/1ccfa012-62ad-4792-99da-45c38933fa89,6.0.0,partial,Not all relevant nested Additional Context Groupers have complete coverage,,1,13906002 Anaplasmosis (983 codes),4,Anaplasmosis Additional Context Diagnosis Codes (9 codes) | Anaplasmosis Additional Context Medication Codes (564 codes) | Anaplasmosis Additional Context Symptom Codes (68 codes) | Anaplasmosis Additional Context Clinical Lab Result Codes (7 codes),0,,983,648,1631,1631,match
Anencephaly,https://tes.tools.aimsplatform.org/api/fhir/ValueSet/c435a017-41e6-4030-b6d1-0bda2eb05b1f,6.0.0,,,,1,89369001 Anencephaly (29 codes),0,,0,,29,0,29,29,match
Angiostrongyliasis,https://tes.tools.aimsplatform.org/api/fhir/ValueSet/6f5ef8a9-2445-4250-9be0-a2f3137d21ed,6.0.0,,,,1,61750000 Angiostrongyliasis (91 codes),0,,0,,91,0,91,91,match
Animal Bite Injury,https://tes.tools.aimsplatform.org/api/fhir/ValueSet/23439cd9-59c7-46e7-80c7-a23bcb9accac,6.0.0,,,,1,399907009 Animal Bite Injury (676 codes),0,,0,,676,0,676,676,match
Anophthalmia,https://tes.tools.aimsplatform.org/api/fhir/ValueSet/74699941-8d63-4086-83c8-61322fe8908a,6.0.0,,,,1,7183006 Anophthalmia (13 codes),0,,0,,13,0,13,13,match
Anotia,https://tes.tools.aimsplatform.org/api/fhir/ValueSet/743b7389-45ef-4fbd-bba8-cc3bafec9f63,6.0.0,,,,1,57436000 Anotia (4 codes),0,,0,,4,0,4,4,match
Anthrax,https://tes.tools.aimsplatform.org/api/fhir/ValueSet/cee10ec6-5f3c-42c8-91af-5bc3f4ab2daf,6.0.0,partial,Not all relevant nested Additional Context Groupers have complete coverage,,1,409498004 Anthrax (1918 codes),2,Anthrax Additional Context Immunization Codes (13 codes) | Anthrax Additional Context Medication Codes (3176 codes),0,,1918,3189,5107,5107,match
Aortic valve stenosis,https://tes.tools.aimsplatform.org/api/fhir/ValueSet/a8c9a4dd-4db2-4d19-8327-45291b77e383,6.0.0,,,,1,18546004 Aortic valve stenosis (18 codes),0,,0,,18,0,18,18,match
Arboviral Disease [Other],https://tes.tools.aimsplatform.org/api/fhir/ValueSet/ccbc2240-7996-4b24-b2ab-909fb597ade7,6.0.0,,,,1,40610006 Arboviral Disease [Other] (768 codes),0,,0,,768,0,768,768,match
Arsenic Exposure and Toxicity,https://tes.tools.aimsplatform.org/api/fhir/ValueSet/26b33744-0449-42d1-b119-a2960602095a,6.0.0,,,,1,767146004 Arsenic Exposure and Toxicity (159 codes),0,,0,,159,0,159,159,match
Asbestosis,https://tes.tools.aimsplatform.org/api/fhir/ValueSet/62640327-6e96-4559-8f6b-4d305590a900,6.0.0,,,,1,22607003 Asbestosis (11 codes),0,,0,,11,0,11,11,match
Atrial septal defect,https://tes.tools.aimsplatform.org/api/fhir/ValueSet/5aef5efd-6297-4831-803a-65fda1e7cde5,6.0.0,,,,1,405752007 Atrial septal defect (38 codes),0,,0,,38,0,38,38,match
Atrioventricular septal defect (Endocardial cushion defect),https://tes.tools.aimsplatform.org/api/fhir/ValueSet/c1c99860-df66-42cb-8d79-c7304f2691d7,6.0.0,,,,1,1237074000 Atrioventricular septal defect (Endocardial cushion defect) (83 codes),0,,0,,83,0,83,83,match
Babesiosis,https://tes.tools.aimsplatform.org/api/fhir/ValueSet/ef7e8146-c5e7-405b-8559-9b0f0675f472,6.0.0,partial,Not all relevant nested Additional Context Groupers have complete coverage,,1,21061004 Babesiosis (662 codes),4,Babesiosis Additional Context Symptom Codes (38 codes) | Babesiosis Additional Context Clinical Lab Result Codes (3 codes) | Babesiosis Additional Context Medication Codes (322 codes) | Babesiosis Additional Context Specimen Source Codes (1 codes),0,,662,364,1026,1026,match
Balamuthia mandrillaris Disease,https://tes.tools.aimsplatform.org/api/fhir/ValueSet/ad9b43bd-dd5d-4661-9483-e1ff862074ed,6.0.0,,,,1,115635005 Balamuthia mandrillaris Disease (1201 codes),0,,0,,1201,0,1201,1201,match
Bartonellosis,https://tes.tools.aimsplatform.org/api/fhir/ValueSet/86b5b8ff-e9fe-4aa1-813b-cfd31dc076ba,6.0.0,,,,1,266123003 Bartonellosis (1448 codes),0,,0,,1448,0,1448,1448,match
Baylisascariasis,https://tes.tools.aimsplatform.org/api/fhir/ValueSet/82e1bb0e-3c5d-476b-8dc3-f8cd6c8b3841,6.0.0,,,,1,93614002 Baylisascariasis (532 codes),0,,0,,532,0,532,532,match
Biliary Atresia,https://tes.tools.aimsplatform.org/api/fhir/ValueSet/a811003c-92b7-4a17-9218-2a3b72ebcb26,6.0.0,,,,1,77480004 Biliary Atresia (6 codes),0,,0,,6,0,6,6,match
Bladder Exstrophy,https://tes.tools.aimsplatform.org/api/fhir/ValueSet/ec438d29-7cb3-44de-8c3a-53fe6f2c9493,6.0.0,,,,1,61758007 Bladder Exstrophy (6 codes),0,,0,,6,0,6,6,match
Blastomycosis,https://tes.tools.aimsplatform.org/api/fhir/ValueSet/16cc5efb-e136-4909-bc02-6673de5badd1,6.0.0,,,,1,69996000 Blastomycosis (981 codes),0,,0,,981,0,981,981,match
Botulism,https://tes.tools.aimsplatform.org/api/fhir/ValueSet/97cccfa2-2462-46d8-b50c-09ee712f1c30,6.0.0,partial,Not all relevant nested Additional Context Groupers have complete coverage,,2,"398565003 Botulism (641 codes) | 414488002 Botulism, Infant (723 codes)",1,Botulism Additional Context Medication Codes (1307 codes),0,,760,1307,2067,2067,match
Brucellosis,https://tes.tools.aimsplatform.org/api/fhir/ValueSet/d2b6c97a-c320-4678-9ff0-b55999ec0a16,6.0.0,,,,1,75702008 Brucellosis (2284 codes),0,,0,,2284,0,2284,2284,match
Byssinosis,https://tes.tools.aimsplatform.org/api/fhir/ValueSet/57f2ca46-ed5d-4429-bb8c-46ead0df24fe,6.0.0,,,,1,85761009 Byssinosis (7 codes),0,,0,,7,0,7,7,match
COVID-19,https://tes.tools.aimsplatform.org/api/fhir/ValueSet/07221093-b8a1-4b1d-8678-259277bfba64,6.0.0,complete,,2026-02-24T00:00:00-07:00,3,186747009 COVID-19 (697 codes) | 1001411000124108 COVID-19-Associated Pediatric Mortality (669 codes) | 840539006 COVID-19 (1167 codes),6,COVID-19 Additional Context Diagnosis Codes (7654 codes) | COVID-19 Additional Context Immunization Codes (154 codes) | COVID-19 Additional Context Clinical Lab Result Codes (170 codes) | COVID-19 Additional Context Specimen Source Codes (3 codes) | COVID-19 Additional Context Symptom Codes (967 codes) | COVID-19 Additional Context Medication Codes (4969 codes),0,,1201,13915,14468,14468,match
Cadmium Exposure and Toxicity,https://tes.tools.aimsplatform.org/api/fhir/ValueSet/ecc9f56f-0ffd-4af2-9e04-b5530da8209f,6.0.0,,,,1,3398004 Cadmium Exposure and Toxicity (135 codes),0,,0,,135,0,135,135,match
California Serogroup Virus Disease,https://tes.tools.aimsplatform.org/api/fhir/ValueSet/78c0b420-682c-4aa6-90c9-8e392e236ff6,6.0.0,,,,1,418182000 California Serogroup Virus Disease (631 codes),0,,0,,631,0,631,631,match
Campylobacteriosis,https://tes.tools.aimsplatform.org/api/fhir/ValueSet/77fd2ab0-9707-453b-8470-01dd6a986aff,6.0.0,complete,,2026-02-24T00:00:00-07:00,1,86500004 Campylobacteriosis (656 codes),5,Campylobacteriosis Additional Context Medication Codes (4020 codes) | Campylobacteriosis Additional Context Clinical Lab Result Codes (1 codes) | Campylobacteriosis Additional Context Specimen Source Codes (6 codes) | Campylobacteriosis Additional Context Diagnosis Codes (1142 codes) | Campylobacteriosis Additional Context Symptom Codes (951 codes),0,,656,6119,6685,6685,match
Cancer,https://tes.tools.aimsplatform.org/api/fhir/ValueSet/94a3796b-fee2-49c0-9b86-8763923f90f7,6.0.0,,,,1,363346000 Cancer (7187 codes),0,,0,,7187,0,7187,7187,match
Candida auris infection,https://tes.tools.aimsplatform.org/api/fhir/ValueSet/ad69000f-6f42-4bcd-bc41-a28f7782b949,6.0.0,,,,2,865929003 Candida auris infection (508 codes) | 3491000146109 Candida auris infection (487 codes),0,,0,,508,0,508,508,match
Candidemia,https://tes.tools.aimsplatform.org/api/fhir/ValueSet/1f3d9bf8-e884-423b-8bf2-67a0493573af,6.0.0,,,,1,432261003 Candidemia (727 codes),0,,0,,727,0,727,727,match
Carbapenem-resistant Organisms,https://tes.tools.aimsplatform.org/api/fhir/ValueSet/0af28372-3743-4564-bac2-5f8e97affe95,6.0.0,,,,4,712662001 Carbapenem-resistant Enterobacteriaceae (CRE) (4896 codes) | 726492000 Carbapenem-resistant Pseudomonas aeruginosa (CRPA) (682 codes) | 44591000087104 Carbapenem-resistant Enterobacterales (CRE) (5203 codes) | 715174007 Carbapenem-resistant Acinetobacter baumannii (CRAB) (667 codes),0,,0,,5242,0,5242,5242,match
Carbapenemase-Producing Organisms (CPO),https://tes.tools.aimsplatform.org/api/fhir/ValueSet/9f928b2e-edef-477b-bc38-85b22be2093f,6.0.0,,,,2,734350003 Carbapenemase-Producing Organisms (CPO) (217 codes) | 734351004 Carbapenemase-producing Carbapenem-resistant Enterobacteriaceae (CP-CRE) (4894 codes),0,,0,,4896,0,4896,4896,match
Carbon Monoxide Poisoning,https://tes.tools.aimsplatform.org/api/fhir/ValueSet/53e8b06e-cdd2-4960-b727-0f8a13ea59b1,6.0.0,,,,1,17383000 Carbon Monoxide Poisoning (341 codes),0,,0,,341,0,341,341,match
Catheter-associated Urinary Tract Infection (CAUTI),https://tes.tools.aimsplatform.org/api/fhir/ValueSet/e146ceb9-0496-4faf-929e-c072b3e60c35,6.0.0,,,,1,700372006 Catheter-associated Urinary Tract Infection (CAUTI) (10 codes),0,,0,,10,0,10,10,match
Central Line-associated Bloodstream Infection (CLABSI),https://tes.tools.aimsplatform.org/api/fhir/ValueSet/1df299f9-d3f0-4707-a80b-63e2746b8c2d,6.0.0,,,,1,736152001 Central Line-associated Bloodstream Infection (CLABSI) (8 codes),0,,0,,8,0,8,8,match
Chagas Disease,https://tes.tools.aimsplatform.org/api/fhir/ValueSet/67df7ac4-7088-4314-ab8b-e320237eeaba,6.0.0,,,,1,77506005 Chagas Disease (593 codes),0,,0,,593,0,593,593,match
Chancroid,https://tes.tools.aimsplatform.org/api/fhir/ValueSet/d647c446-f653-4e09-bc15-42d55c49771f,6.0.0,,,,1,266143009 Chancroid (446 codes),0,,0,,446,0,446,446,match
Chemical Pneumonitis,https://tes.tools.aimsplatform.org/api/fhir/ValueSet/8f954b53-2f33-464c-ac07-7fc3c70d86e6,6.0.0,,,,2,233733000 Chemical Pneumonitis (16 codes) | 196021009 Chemical Pneumonitis (16 codes),0,,0,,16,0,16,16,match
Chikungunya virus disease,https://tes.tools.aimsplatform.org/api/fhir/ValueSet/c4ee0890-4e4f-41ae-8f15-5b75442bc4eb,6.0.0,,,,1,111864006 Chikungunya virus disease (490 codes),0,,0,,490,0,490,490,match
Chlamydia trachomatis infection,https://tes.tools.aimsplatform.org/api/fhir/ValueSet/ecbcc071-0061-4a76-a984-b98137e9b233,6.0.0,complete,,2025-10-01T00:00:00-06:00,2,105629000 Chlamydia (689 codes) | 240589008 Chlamydia trachomatis Infection (811 codes),5,Chlamydia trachomatis infection Additional Context Medication Codes (730 codes) | Chlamydia trachomatis infection Additional Context Diagnosis Codes (2171 codes) | Chlamydia trachomatis infection Additional Context Symptom Codes (1692 codes) | Chlamydia trachomatis infection Additional Context Clinical Lab Result Codes (3449 codes) | Chlamydia trachomatis infection Additional Context Specimen Source Codes (7 codes),0,,811,8049,8852,8852,match
Choanal Atresia,https://tes.tools.aimsplatform.org/api/fhir/ValueSet/f3eded9a-1b63-4e81-b07c-7658521567a2,6.0.0,,,,1,204508009 Choanal Atresia (13 codes),0,,0,,13,0,13,13,match
Cholera,https://tes.tools.aimsplatform.org/api/fhir/ValueSet/14cc30bb-f817-4c6d-bd6e-5493b95bdb2f,6.0.0,partial,Not all relevant nested Additional Context Groupers have complete coverage,,1,63650001 Cholera (515 codes),2,Cholera Additional Context Immunization Codes (12 codes) | Cholera Additional Context Medication Codes (1251 codes),0,,515,1263,1778,1778,match
Cleft Lip Alone,https://tes.tools.aimsplatform.org/api/fhir/ValueSet/9f8d64e9-749e-4ddb-af78-8ce828ee57f6,6.0.0,,,,1,80281008 Cleft Lip Alone (39 codes),0,,0,,39,0,39,39,match
Cleft Lip with Cleft Palate,https://tes.tools.aimsplatform.org/api/fhir/ValueSet/fb1ce8e1-44bc-4ab9-8445-3d5be1b93769,6.0.0,,,,1,66948001 Cleft Lip with Cleft Palate (50 codes),0,,0,,50,0,50,50,match
Cleft Palate Alone,https://tes.tools.aimsplatform.org/api/fhir/ValueSet/716c0c6b-2b2f-4f85-9043-58e23a333e6c,6.0.0,,,,1,87979003 Cleft Palate Alone (58 codes),0,,0,,58,0,58,58,match
Cloacal Exstrophy,https://tes.tools.aimsplatform.org/api/fhir/ValueSet/a9aa918a-0f7d-48da-86e2-c18c94b27cae,6.0.0,,,,1,20815007 Cloacal Exstrophy (4 codes),0,,0,,4,0,4,4,match
Clostridioides difficile (C. diff) infection,https://tes.tools.aimsplatform.org/api/fhir/ValueSet/f8e127b7-2da2-403b-934c-2dae749b760e,6.0.0,,,,1,186431008 Clostridioides difficile (C. diff) infection (512 codes),0,,0,,512,0,512,512,match
Clostridium perfringens Infection,https://tes.tools.aimsplatform.org/api/fhir/ValueSet/4733056c-8880-4362-ac0f-e96d9be4b1d2,6.0.0,,,,1,65154009 Clostridium perfringens Infection (530 codes),0,,0,,530,0,530,530,match
Clubfoot,https://tes.tools.aimsplatform.org/api/fhir/ValueSet/3c91fadb-0529-4f32-bcb6-7c38a05bf8d7,6.0.0,,,,1,397932003 Clubfoot (10 codes),0,,0,,10,0,10,10,match
Coal Workers’ Pneumoconiosis (CWP),https://tes.tools.aimsplatform.org/api/fhir/ValueSet/df4c3914-5cd5-4364-95f5-59fc62fcd123,6.0.0,,,,1,29422001 Coal Workers' Pneumoconiosis (CWP) (131 codes),0,,0,,131,0,131,131,match
Coarctation of the Aorta,https://tes.tools.aimsplatform.org/api/fhir/ValueSet/ff826686-c0ca-45b2-843d-9cefc052d34c,6.0.0,,,,1,7305005 Coarctation of the Aorta (22 codes),0,,0,,22,0,22,22,match
Coccidioidomycosis,https://tes.tools.aimsplatform.org/api/fhir/ValueSet/06f4a972-62b3-4e0f-affd-eb78e31085ef,6.0.0,,,,1,60826002 Coccidioidomycosis (2881 codes),0,,0,,2881,0,2881,2881,match
Colorado tick fever,https://tes.tools.aimsplatform.org/api/fhir/ValueSet/2a58b909-993c-4a69-986f-d284815c8bf2,6.0.0,,,,1,6452009 Colorado tick fever (91 codes),0,,0,,91,0,91,91,match
Congenital Posterior Urethral Valves,https://tes.tools.aimsplatform.org/api/fhir/ValueSet/d8a335c8-2ece-4b1f-abb3-c7a7444b293b,6.0.0,,,,1,253900005 Congenital Posterior Urethral Valves (4 codes),0,,0,,4,0,4,4,match
Congenital cytomegalovirus (cCMV) infection and disease,https://tes.tools.aimsplatform.org/api/fhir/ValueSet/d8a09682-e817-4a0a-b59f-5ba6a7992a3e,6.0.0,,,,1,59527008 Congenital cytomegalovirus (cCMV) infection and disease (854 codes),0,,0,,854,0,854,854,match
Creutzfeldt-Jakob Disease (CJD) and Variant Creutzfeldt-Jakob Disease (vCJD),https://tes.tools.aimsplatform.org/api/fhir/ValueSet/e2d47ee8-a731-4a90-8fe7-5a224e1a5213,6.0.0,,,,1,792004 Creutzfeldt-Jakob Disease (CJD) and Variant Creutzfeldt-Jakob Disease (vCJD) (88 codes),0,,0,,88,0,88,88,match
Cryptococcosis,https://tes.tools.aimsplatform.org/api/fhir/ValueSet/08d5cef0-7dbc-43a8-8b69-1e2a27be8d47,6.0.0,,,,1,42386007 Cryptococcosis (982 codes),0,,0,,982,0,982,982,match
Cryptosporidiosis,https://tes.tools.aimsplatform.org/api/fhir/ValueSet/714e4a83-2be8-45de-a72a-451901f2d307,6.0.0,partial,Not all relevant nested Additional Context Groupers have complete coverage,,1,240370009 Cryptosporidiosis (701 codes),1,Cryptosporidiosis Additional Context Symptom Codes (64 codes),0,,701,64,765,765,match
Cyanobacteria And Cyanotoxin Poisoning,https://tes.tools.aimsplatform.org/api/fhir/ValueSet/5ffd7e43-cf80-4a95-8a74-f2a15c54fb3f,6.0.0,,,,1,41439009 Cyanobacteria and Cyanotoxin Poisoning (625 codes),0,,0,,625,0,625,625,match
Cyclosporiasis,https://tes.tools.aimsplatform.org/api/fhir/ValueSet/a5d9def2-a308-410c-b626-8462c5db687d,6.0.0,partial,Not all relevant nested Additional Context Groupers have complete coverage,,1,240372001 Cyclosporiasis (646 codes),1,Cyclosporiasis Additional Context Symptom Codes (17 codes),0,,646,17,663,663,match
Cystic Fibrosis,https://tes.tools.aimsplatform.org/api/fhir/ValueSet/9b1e5ad0-afb8-4477-b4ae-22bb8c47b009,6.0.0,,,,1,190905008 Cystic Fibrosis (113 codes),0,,0,,113,0,113,113,match
Cysticercosis,https://tes.tools.aimsplatform.org/api/fhir/ValueSet/66df22ba-d941-40a3-8725-70cd0b3d82bd,6.0.0,,,,1,59051007 Cysticercosis (788 codes),0,,0,,788,0,788,788,match
Dengue Virus Infection,https://tes.tools.aimsplatform.org/api/fhir/ValueSet/0138da5e-7df9-4e4a-9ef1-35c2414ca7e6,6.0.0,partial,Not all relevant nested Additional Context Groupers have complete coverage,,1,38362002 Dengue Virus Infection (693 codes),1,Dengue Virus Infection Additional Context Clinical Lab Result Codes (5 codes),0,,693,5,698,698,match
Diaphragmatic Hernia,https://tes.tools.aimsplatform.org/api/fhir/ValueSet/ac52448d-9c9a-4068-ada1-57707b66f073,6.0.0,,,,1,39839004 Diaphragmatic Hernia (14 codes),0,,0,,14,0,14,14,match
Diphtheria,https://tes.tools.aimsplatform.org/api/fhir/ValueSet/66b2bcd9-123e-4d4d-b50d-6eba3536d911,6.0.0,partial,Not all relevant nested Additional Context Groupers have complete coverage,,2,397428000 Diphtheria (490 codes) | 276197005 Diphtheria (611 codes),2,Diphtheria Additional Context Immunization Codes (200 codes) | Diphtheria Additional Context Medication Codes (1267 codes),0,,611,1467,2078,2078,match
Diphyllobothriasis,https://tes.tools.aimsplatform.org/api/fhir/ValueSet/e3a785c7-10ee-4d32-b1f5-6d1e4605455f,6.0.0,,,,1,187151009 Diphyllobothriasis (492 codes),0,,0,,492,0,492,492,match
Double Outlet Right Ventricle (DORV),https://tes.tools.aimsplatform.org/api/fhir/ValueSet/6f06f502-deb3-42bb-96b8-0333215ef66c,6.0.0,,,,1,7484005 Double Outlet Right Ventricle (DORV) (14 codes),0,,0,,14,0,14,14,match
Down Syndrome,https://tes.tools.aimsplatform.org/api/fhir/ValueSet/9e5aec32-579f-4646-ab1c-4b6ec122c38d,6.0.0,,,,1,41040004 Down Syndrome (611 codes),0,,0,,611,0,611,611,match
Drowning and Submersion,https://tes.tools.aimsplatform.org/api/fhir/ValueSet/c05cab96-c023-4ee2-bb7d-071fb600be7b,6.0.0,,,,1,212962007 Drowning and Submersion (500 codes),0,,0,,500,0,500,500,match
"Drug Overdose and Poisoning, Non-opioid",https://tes.tools.aimsplatform.org/api/fhir/ValueSet/bac3505f-0e55-4ca6-b3c3-d6088ac6a292,6.0.0,,,,1,"1149222004 Drug Overdose and Poisoning, Non-opioid (1798 codes)",0,,0,,1798,0,1798,1798,match
Eastern equine encephalitis virus disease,https://tes.tools.aimsplatform.org/api/fhir/ValueSet/af013ac0-d3a4-4322-a3cc-e226717558a0,6.0.0,partial,Not all relevant nested Additional Context Groupers have complete coverage,,1,416925005 Eastern equine encephalitis virus disease (532 codes),1,Eastern equine encephalitis virus disease Additional Context Symptom Codes (38 codes),0,,532,38,570,570,match
Ebstein Anomaly,https://tes.tools.aimsplatform.org/api/fhir/ValueSet/6cd0ee8e-d54a-410c-9114-5e7d897ceff5,6.0.0,,,,1,204357006 Ebstein Anomaly (8 codes),0,,0,,8,0,8,8,match
Echinococcosis,https://tes.tools.aimsplatform.org/api/fhir/ValueSet/58d28abc-b633-46a3-9776-4c1e139c0e8d,6.0.0,,,,1,74942003 Echinococcosis (595 codes),0,,0,,595,0,595,595,match
Ehrlichiosis,https://tes.tools.aimsplatform.org/api/fhir/ValueSet/48db8707-58df-48da-b874-4be33a348541,6.0.0,partial,Not all relevant nested Additional Context Groupers have complete coverage,,1,240626005 Ehrlichiosis (987 codes),3,Ehrlichiosis Additional Context Medication Codes (556 codes) | Ehrlichiosis Additional Context Clinical Lab Result Codes (7 codes) | Ehrlichiosis Additional Context Symptom Codes (67 codes),0,,987,630,1617,1617,match
Encephalitis,https://tes.tools.aimsplatform.org/api/fhir/ValueSet/74731f8c-a961-4b64-b485-1d7525019c58,6.0.0,,,,1,45170000 Encephalitis (3254 codes),0,,0,,3254,0,3254,3254,match
Encephalocele,https://tes.tools.aimsplatform.org/api/fhir/ValueSet/8d5e11fa-9288-4063-86b3-f77adff72246,6.0.0,,,,1,55999004 Encephalocele (32 codes),0,,0,,32,0,32,32,match
Escherichia coli Infection,https://tes.tools.aimsplatform.org/api/fhir/ValueSet/9d551905-8e92-480f-a0b7-da8f4e2733db,6.0.0,complete,,2026-02-24T00:00:00-07:00,2,111407006 Hemolytic uremic syndrome (HUS) (749 codes) | 328291000119103 Shiga toxin-producing Escherichia coli (STEC) infection (797 codes),5,Escherichia coli Infection Additional Context Symptom Codes (922 codes) | Escherichia coli Infection Additional Context Diagnosis Codes (687 codes) | Escherichia coli Infection Additional Context Specimen Source Codes (2 codes) | Escherichia coli Infection Additional Context Medication Codes (3388 codes) | Escherichia coli Infection Additional Context Clinical Lab Result Codes (26 codes),0,,1461,5022,6319,6319,match
Esophageal Atresia/Tracheoesophageal Fistula,https://tes.tools.aimsplatform.org/api/fhir/ValueSet/0df4ba11-aa43-4717-9790-62103e2b043e,6.0.0,,,,1,204659003 Esophageal Atresia/Tracheoesophageal Fistula (28 codes),0,,0,,28,0,28,28,match
Farmer's Lung,https://tes.tools.aimsplatform.org/api/fhir/ValueSet/c80f48ad-18c0-4fb3-88b9-5ba0bee638d9,6.0.0,,,,1,18690003 Farmer's Lung (230 codes),0,,0,,230,0,230,230,match
Fetal Alcohol Spectrum Disorders,https://tes.tools.aimsplatform.org/api/fhir/ValueSet/9f3c8366-a0b5-4256-bbe5-16ce332e439a,6.0.0,,,,1,609437000 Fetal Alcohol Spectrum Disorders (69 codes),0,,0,,69,0,69,69,match
Galactosemia,https://tes.tools.aimsplatform.org/api/fhir/ValueSet/27bcaeb2-ac39-4967-a1c1-e65c964789fa,6.0.0,,,,1,190745006 Galactosemia (74 codes),0,,0,,74,0,74,74,match
Gastroschisis,https://tes.tools.aimsplatform.org/api/fhir/ValueSet/bdf59f98-0f6a-4960-a784-f900ba65041a,6.0.0,,,,1,72951007 Gastroschisis (5 codes),0,,0,,5,0,5,5,match
Genital Warts,https://tes.tools.aimsplatform.org/api/fhir/ValueSet/d10b003e-be39-45ac-ae41-3490aee18f5e,6.0.0,partial,Not all relevant nested Additional Context Groupers have complete coverage,,1,266113007 Genital Warts (16 codes),1,Genital Warts Additional Context Medication Codes (52 codes),0,,16,52,68,68,match
Giardiasis,https://tes.tools.aimsplatform.org/api/fhir/ValueSet/07bd2637-db14-4061-8be9-169a480966ee,6.0.0,partial,Not all relevant nested Additional Context Groupers have complete coverage,,1,58265007 Giardiasis (672 codes),2,Giardiasis Additional Context Medication Codes (275 codes) | Giardiasis Additional Context Symptom Codes (71 codes),0,,672,346,1018,1018,match
Glanders,https://tes.tools.aimsplatform.org/api/fhir/ValueSet/0ef52922-ed1c-4335-8b72-1d2484021421,6.0.0,,,,1,4639008 Glanders (468 codes),0,,0,,468,0,468,468,match
Gonorrhea,https://tes.tools.aimsplatform.org/api/fhir/ValueSet/d5624804-b7a3-44e9-8d81-17bb48162304,6.0.0,complete,,2025-10-01T00:00:00-06:00,1,15628003 Gonorrhea (1186 codes),5,Gonorrhea Additional Context Clinical Lab Result Codes (3449 codes) | Gonorrhea Additional Context Symptom Codes (2068 codes) | Gonorrhea Additional Context Diagnosis Codes (2171 codes) | Gonorrhea Additional Context Specimen Source Codes (8 codes) | Gonorrhea Additional Context Medication Codes (1779 codes),0,,1186,9475,10639,10639,match
Granuloma Inguinale (Donovanosis),https://tes.tools.aimsplatform.org/api/fhir/ValueSet/e920d507-f8d0-4d7a-8783-d2798d97e3eb,6.0.0,,,,1,28867007 Granuloma Inguinale (Donovanosis) (532 codes),0,,0,,532,0,532,532,match
Guillain-Barré Syndrome,https://tes.tools.aimsplatform.org/api/fhir/ValueSet/406dc3d3-176c-452f-99ac-1842b0d960ea,6.0.0,,,,1,40956001 Guillain-Barré Syndrome (128 codes),0,,0,,128,0,128,128,match
Gunshot Wound,https://tes.tools.aimsplatform.org/api/fhir/ValueSet/0d9f5e2a-c8d2-47ae-bb03-2261fc06a65e,6.0.0,,,,1,283545005 Firearm-related injury (244 codes),0,,0,,244,0,244,244,match
HIV Infection or AIDS,https://tes.tools.aimsplatform.org/api/fhir/ValueSet/e97e6fbb-3f25-41cb-ad9e-a165036ef845,6.0.0,complete,,2025-10-01T00:00:00-06:00,2,86406008 HIV Infection or AIDS (1229 codes) | 76981000119106 HIV Infection or AIDS (836 codes),3,HIV Infection or AIDS Additional Context Diagnosis Codes (3149 codes) | HIV Infection or AIDS Additional Context Clinical Lab Result Codes (4127 codes) | HIV Infection or AIDS Additional Context Symptom Codes (1156 codes),0,,1229,8431,9626,9626,match
Hansen's disease,https://tes.tools.aimsplatform.org/api/fhir/ValueSet/8a086d13-b6fd-4d7e-b202-fcb0564d3c02,6.0.0,,,,1,81004002 Hansen's disease (1125 codes),0,,0,,1125,0,1125,1125,match
Hantavirus Infection,https://tes.tools.aimsplatform.org/api/fhir/ValueSet/c50a7a39-3a43-445a-992a-a8f857473d23,6.0.0,,,,1,359761005 Hantavirus Infection (349 codes),0,,0,,349,0,349,349,match
Head Injury,https://tes.tools.aimsplatform.org/api/fhir/ValueSet/8f0541ec-9429-4449-be67-0a0f7e6fd61c,6.0.0,,,,1,82271004 Head Injury (2198 codes),0,,0,,2198,0,2198,2198,match
Hepatitis A Virus infection,https://tes.tools.aimsplatform.org/api/fhir/ValueSet/42dfdcb0-928d-430f-a95c-33caf5874a96,6.0.0,partial,Not all relevant nested Additional Context Groupers have complete coverage,,1,40468003 Hepatitis A Virus Infection (521 codes),5,Hepatitis A Virus infection Additional Context Immunization Codes (52 codes) | Hepatitis A Virus infection Additional Context Medication Codes (21 codes) | Hepatitis A Virus infection Additional Context Symptom Codes (19 codes) | Hepatitis A Virus infection Additional Context Specimen Source Codes (6 codes) | Hepatitis A Virus infection Additional Context Clinical Lab Result Codes (3 codes),0,,521,101,622,622,match
Hepatitis B,https://tes.tools.aimsplatform.org/api/fhir/ValueSet/ceea7958-2eb3-44d2-8bfc-e74631f20cc5,6.0.0,complete,,2025-06-04T00:00:00-06:00,2,"60498001 Hepatitis B Virus Infection, Perinatal (280 codes) | 66071002 Hepatitis B Virus Infection (863 codes)",6,Hepatitis B Additional Context Diagnosis Codes (3139 codes) | Hepatitis B Additional Context Clinical Lab Result Codes (3525 codes) | Hepatitis B Additional Context Specimen Source Codes (6 codes) | Hepatitis B Additional Context Symptom Codes (491 codes) | Hepatitis B Additional Context Medication Codes (267 codes) | Hepatitis B Additional Context Immunization Codes (131 codes),0,,882,7559,7855,7855,match
Hepatitis C,https://tes.tools.aimsplatform.org/api/fhir/ValueSet/9bbc181b-f37a-49a6-9af4-4bc9478cb548,6.0.0,complete,,2025-06-04T00:00:00-06:00,3,"128302006 Hepatitis C Virus Infection (261 codes) | 50711007 Hepatitis C Virus Infection (900 codes) | 551611000124101 Hepatitis C Virus Infection, Perinatal (238 codes)",5,Hepatitis C Additional Context Clinical Lab Result Codes (3525 codes) | Hepatitis C Additional Context Diagnosis Codes (3139 codes) | Hepatitis C Additional Context Medication Codes (194 codes) | Hepatitis C Additional Context Specimen Source Codes (4 codes) | Hepatitis C Additional Context Symptom Codes (491 codes),0,,900,7353,7673,7673,match
Hepatitis D Virus Infection,https://tes.tools.aimsplatform.org/api/fhir/ValueSet/ec425eb5-d8a0-4228-b9d4-d5c0e01b318e,6.0.0,,,,1,707341005 Hepatitis D Virus Infection (284 codes),0,,0,,284,0,284,284,match
Hepatitis E Virus infection,https://tes.tools.aimsplatform.org/api/fhir/ValueSet/8010e398-244a-48f9-a21c-f2f191831149,6.0.0,,,,1,7111000119109 Hepatitis E Virus Infection (99 codes),0,,0,,99,0,99,99,match
Hepatitis G Virus Infection,https://tes.tools.aimsplatform.org/api/fhir/ValueSet/d922d010-fe2a-417d-a70a-e1abc0f73985,6.0.0,,,,1,397575003 Hepatitis G Virus Infection (73 codes),0,,0,,73,0,73,73,match
Herpes,https://tes.tools.aimsplatform.org/api/fhir/ValueSet/b0a00fd7-fae5-4e3e-b7a6-171028d2f777,6.0.0,partial,Not all relevant nested Additional Context Groupers have complete coverage,,2,"33839006 Herpes, Genital (673 codes) | 91576008 Herpes, Neonatal (598 codes)",1,Herpes Additional Context Medication Codes (98 codes),0,,683,98,781,781,match
Histoplasmosis,https://tes.tools.aimsplatform.org/api/fhir/ValueSet/3c779e64-dc72-48ba-ab18-d84736268664,6.0.0,,,,1,12962009 Histoplasmosis (1385 codes),0,,0,,1385,0,1385,1385,match
Homocystinuria,https://tes.tools.aimsplatform.org/api/fhir/ValueSet/e1e2273c-97a6-4224-aad3-5946fa616d44,6.0.0,,,,1,11282001 Homocystinuria (128 codes),0,,0,,128,0,128,128,match
Hypoplastic Left Heart Syndrome (HLHS),https://tes.tools.aimsplatform.org/api/fhir/ValueSet/4cf5cf0e-28a0-4b62-bcc0-00f242a6421d,6.0.0,,,,1,62067003 Hypoplastic Left Heart Syndrome (HLHS) (4 codes),0,,0,,4,0,4,4,match
Hypospadias,https://tes.tools.aimsplatform.org/api/fhir/ValueSet/509107b3-10d5-4962-84ac-a0abace4844f,6.0.0,,,,1,416010008 Hypospadias (28 codes),0,,0,,28,0,28,28,match
Infant Hearing Loss,https://tes.tools.aimsplatform.org/api/fhir/ValueSet/50d27f7d-2e15-4352-903d-c96f64cc0bcc,6.0.0,,,,1,95821001 Infant Hearing Loss (277 codes),0,,0,,277,0,277,277,match
Influenza,https://tes.tools.aimsplatform.org/api/fhir/ValueSet/38475891-387a-4fa2-bbe9-1dc97ce415d1,6.0.0,complete,,2026-02-24T00:00:00-07:00,8,6142004 Influenza-associated pediatric mortality (922 codes) | 43692000 Influenza (920 codes) | 772828001 Novel Influenza A Virus Infections (609 codes) | 661761000124109 Influenza-Associated Mortality (1460 codes) | 719590007 Influenza-Associated Hospitalizations (1115 codes) | 541131000124102 Novel Influenza A Virus Infection (1508 codes) | 725894000 Influenza-Associated Mortality (900 codes) | 95891005 Influenza-like Illness (ILI) (1066 codes),5,Influenza Additional Context Medication Codes (4542 codes) | Influenza Additional Context Diagnosis Codes (9566 codes) | Influenza Additional Context Immunization Codes (696 codes) | Influenza Context Clinical Lab Result Codes (183 codes) | Influenza Additional Context Symptom Codes (889 codes),0,,2357,15823,17110,17110,match
Interrupted Aortic Arch,https://tes.tools.aimsplatform.org/api/fhir/ValueSet/6f4a526f-586d-466f-9f53-1bb0439de10d,6.0.0,,,,1,218728005 Interrupted Aortic Arch (12 codes),0,,0,,12,0,12,12,match
Invasive Cronobacter Infection Among Infants,https://tes.tools.aimsplatform.org/api/fhir/ValueSet/80a4d37b-47da-47d4-939a-3e92bf0c9e01,6.0.0,,,,1,444664004 Invasive Cronobacter Infection Among Infants (681 codes),0,,0,,681,0,681,681,match
Invasive Haemophilus Influenzae Disease,https://tes.tools.aimsplatform.org/api/fhir/ValueSet/eaf217c9-b188-4472-9987-5f043067f7ae,6.0.0,complete,,2026-02-24T00:00:00-07:00,1,406583002 Invasive Haemophilus Influenzae Disease (942 codes),5,Invasive Haemophilus Influenzae Disease Additional Context Clinical Lab Result Codes (23 codes) | Invasive Haemophilus Influenzae Disease Additional Context Symptom Codes (2215 codes) | Invasive Haemophilus Influenzae Disease Additional Context Immunization Codes (99 codes) | Invasive Haemophilus Influenzae Disease Additional Context Medication Codes (5677 codes) | Invasive Haemophilus Influenzae Disease Additional Context Diagnosis Codes (10223 codes),0,,942,18202,19007,19007,match
Jamestown Canyon virus disease,https://tes.tools.aimsplatform.org/api/fhir/ValueSet/254a4128-db51-4102-8178-c844f8510491,6.0.0,,,,1,41723001 Jamestown Canyon virus disease (500 codes),0,,0,,500,0,500,500,match
Japanese encephalitis virus (JEV) disease,https://tes.tools.aimsplatform.org/api/fhir/ValueSet/c95bdb5c-a034-4bc6-aa7c-a15f9b7eeeb3,6.0.0,,,,1,52947006 Japanese encephalitis virus (JEV) disease (485 codes),0,,0,,485,0,485,485,match
Kawasaki Disease,https://tes.tools.aimsplatform.org/api/fhir/ValueSet/407595a2-d507-4e80-9537-fd2a8a3b8cbc,6.0.0,,,,1,75053002 Kawasaki Disease (290 codes),0,,0,,290,0,290,290,match
Keystone virus disease,https://tes.tools.aimsplatform.org/api/fhir/ValueSet/c3391341-bb07-4fcf-bf45-6bbe2578c180,6.0.0,,,,1,404237007 Keystone virus disease (407 codes),0,,0,,407,0,407,407,match
La Crosse virus disease,https://tes.tools.aimsplatform.org/api/fhir/ValueSet/2f2b4ce4-0edf-4300-9912-e35516fc8d10,6.0.0,,,,1,61094002 La Crosse virus disease (517 codes),0,,0,,517,0,517,517,match
Lead in Blood,https://tes.tools.aimsplatform.org/api/fhir/ValueSet/f0922b13-4f11-4f59-82f9-8e650308f4fb,6.0.0,,,,1,407152001 Lead in Blood (759 codes),0,,0,,759,0,759,759,match
Legionellosis,https://tes.tools.aimsplatform.org/api/fhir/ValueSet/8d474b49-983e-4ba9-8379-05dd8623faca,6.0.0,partial,Not all relevant nested Additional Context Groupers have complete coverage,,1,26726000 Legionellosis (670 codes),3,Legionellosis Additional Context Medication Codes (718 codes) | Legionellosis Additional Context Specimen Source Codes (3 codes) | Legionellosis Additional Context Symptom Codes (71 codes),0,,670,792,1462,1462,match
Leishmaniasis,https://tes.tools.aimsplatform.org/api/fhir/ValueSet/3ccb96fe-f2c2-4a79-8fdd-6d66c1d8ca44,6.0.0,,,,1,80612004 Leishmaniasis (839 codes),0,,0,,839,0,839,839,match
Leptospirosis,https://tes.tools.aimsplatform.org/api/fhir/ValueSet/41421125-e8b1-4048-ae24-0f26aa7de153,6.0.0,,,,1,77377001 Leptospirosis (2122 codes),0,,0,,2122,0,2122,2122,match
Limb Reduction,https://tes.tools.aimsplatform.org/api/fhir/ValueSet/5eb5499c-9040-46be-8456-1bf86226b9df,6.0.0,,,,1,67341007 Limb Reduction (411 codes),0,,0,,411,0,411,411,match
Listeriosis,https://tes.tools.aimsplatform.org/api/fhir/ValueSet/92969634-a5e7-47df-b3ac-4ec1ddf60541,6.0.0,partial,Not all relevant nested Additional Context Groupers have complete coverage,,1,4241002 Listeriosis (1280 codes),2,Listeriosis Additional Context Symptom Codes (90 codes) | Listeriosis Additional Context Specimen Source Codes (1 codes),0,,1280,91,1371,1371,match
Louse-borne relapsing fever (LBRF),https://tes.tools.aimsplatform.org/api/fhir/ValueSet/98d18137-af40-4d1f-b080-89f4dd62a150,6.0.0,,,,1,14683004 Louse-borne relapsing fever (LBRF) (731 codes),0,,0,,731,0,731,731,match
Lyme disease,https://tes.tools.aimsplatform.org/api/fhir/ValueSet/348f4787-0a54-4172-9f3e-f97808cc7972,6.0.0,partial,Not all relevant nested Additional Context Groupers have complete coverage,,1,23502006 Lyme Disease (688 codes),2,Lyme disease Additional Context Diagnosis Codes (2 codes) | Lyme disease Additional Context Symptom Codes (50 codes),0,,688,52,740,740,match
Lymphatic Filariasis,https://tes.tools.aimsplatform.org/api/fhir/ValueSet/436c0c8d-8277-4ff7-bd51-86183aca29a3,6.0.0,,,,1,240820001 Lymphatic Filariasis (614 codes),0,,0,,614,0,614,614,match
Lymphocytic Choriomeningitis,https://tes.tools.aimsplatform.org/api/fhir/ValueSet/4d07bff3-c9a6-45c7-a533-049740ea330c,6.0.0,,,,1,721781004 Lymphocytic Choriomeningitis (541 codes),0,,0,,541,0,541,541,match
MIS,https://tes.tools.aimsplatform.org/api/fhir/ValueSet/b4ea7ac2-a0dc-4ca0-9ab6-cad4b052b929,6.0.0,,,,2,1119306006 Multisystem Inflammatory Syndrome in Adults (MIS-A) (5 codes) | 895448002 Multisystem Inflammatory Syndrome in Children (MIS-C) (1136 codes),0,,0,,1136,0,1136,1136,match
Malaria,https://tes.tools.aimsplatform.org/api/fhir/ValueSet/5b1be9bc-0c90-4e77-a558-2daa03f3bee9,6.0.0,partial,Not all relevant nested Additional Context Groupers have complete coverage,,1,61462000 Malaria (720 codes),2,Malaria Additional Context Symptom Codes (34 codes) | Malaria Additional Context Specimen Source Codes (1 codes),0,,720,35,755,755,match
Measles,https://tes.tools.aimsplatform.org/api/fhir/ValueSet/a28a01e9-94ca-49ae-9010-0408b3409e22,6.0.0,complete,,2026-02-24T00:00:00-07:00,1,14189004 Measles (778 codes),5,Measles Additional Context Medication Codes (287 codes) | Measles Additional Context Clinical Lab Result Codes (173 codes) | Measles Additional Context Immunization Codes (45 codes) | Measles Additional Context Symptom Codes (1250 codes) | Measles Additional Context Diagnosis Codes (618 codes),0,,778,2344,2946,2946,match
Medium-chain Acyl-CoA Dehydrogenase Deficiency,https://tes.tools.aimsplatform.org/api/fhir/ValueSet/139a2aba-41d7-4683-8d77-cdc22006448c,6.0.0,,,,1,128596003 Medium-chain Acyl-CoA Dehydrogenase Deficiency (48 codes),0,,0,,48,0,48,48,match
Melioidosis,https://tes.tools.aimsplatform.org/api/fhir/ValueSet/9c031608-c5f1-4dee-836e-3eaa8c153aa5,6.0.0,,,,1,428111003 Melioidosis (1187 codes),0,,0,,1187,0,1187,1187,match
Meningitis,https://tes.tools.aimsplatform.org/api/fhir/ValueSet/b3f526be-a585-41bd-884b-2c89b4fb43f2,6.0.0,,,,1,7180009 Meningitis (1941 codes),0,,0,,1941,0,1941,1941,match
Meningococcal disease,https://tes.tools.aimsplatform.org/api/fhir/ValueSet/fbe4579f-9897-4f13-8734-b17243996c8c,6.0.0,complete,,2026-02-24T00:00:00-07:00,1,23511006 Meningococcal disease (1082 codes),5,Meningococcal Disease Additional Context Clinical Lab Result Codes (28 codes) | Meningococcal disease Additional Context Symptom Codes (2197 codes) | Meningococcal disease Additional Context Immunization Codes (115 codes) | Meningococcal Disease Additional Context Diagnosis Codes (9963 codes) | Meningococcal disease Additional Context Medication Codes (6970 codes),0,,1082,19219,20266,20266,match
Mercury Exposure and Toxicity,https://tes.tools.aimsplatform.org/api/fhir/ValueSet/7db57e09-ce52-4025-bc42-109a326f0346,6.0.0,,,,1,767299002 Mercury Exposure and Toxicity (136 codes),0,,0,,136,0,136,136,match
Methemoglobinemia,https://tes.tools.aimsplatform.org/api/fhir/ValueSet/75c6c468-a9ee-4300-ae19-45e1cc362077,6.0.0,,,,1,38959009 Methemoglobinemia (44 codes),0,,0,,44,0,44,44,match
Microphthalmia,https://tes.tools.aimsplatform.org/api/fhir/ValueSet/bc7a0f41-a743-409f-86a8-e7d92db10f1f,6.0.0,,,,1,61142002 Microphthalmia (34 codes),0,,0,,34,0,34,34,match
Microtia,https://tes.tools.aimsplatform.org/api/fhir/ValueSet/a84c8bdd-0f87-4be1-8319-cb9dc88b90a2,6.0.0,,,,1,35045004 Microtia (12 codes),0,,0,,12,0,12,12,match
Middle East Respiratory Syndrome (MERS),https://tes.tools.aimsplatform.org/api/fhir/ValueSet/3255f60e-59d6-4f89-846b-40e7e811c6bc,6.0.0,partial,Not all relevant nested Additional Context Groupers have complete coverage,,1,651000146102 Middle East Respiratory Syndrome (MERS) (381 codes),4,Middle East Respiratory Syndrome (MERS) Additional Context Specimen Source Codes (3 codes) | Middle East Respiratory Syndrome (MERS) Additional Context Medication Codes (619 codes) | Middle East Respiratory Syndrome (MERS) Additional Context Diagnosis Codes (27 codes) | Middle East Respiratory Syndrome (MERS) Additional Context Symptom Codes (122 codes),0,,381,771,1152,1152,match
Motor Vehicle Injury,https://tes.tools.aimsplatform.org/api/fhir/ValueSet/fb880669-25f6-4f9d-a7c9-08ab3a5ecad4,6.0.0,,,,1,407153006 Motor Vehicle Injury (1428 codes),0,,0,,1428,0,1428,1428,match
Mpox,https://tes.tools.aimsplatform.org/api/fhir/ValueSet/e305988b-5ca1-418d-9886-4ac38c16737d,6.0.0,partial,Not all relevant nested Additional Context Groupers have complete coverage,,1,359814004 Mpox (874 codes),4,Mpox Additional Context Immunization Codes (24 codes) | Mpox Additional Context Medication Codes (72 codes) | Mpox Additional Context Diagnosis Codes (1 codes) | Mpox Additional Context Symptom Codes (36 codes),0,,874,133,1007,1007,match
Mumps,https://tes.tools.aimsplatform.org/api/fhir/ValueSet/7f368057-a920-4ce7-926d-c361e866d4d1,6.0.0,complete,,2026-02-24T00:00:00-07:00,1,36989005 Mumps (1210 codes),5,Mumps Additional Context Diagnosis Codes (767 codes) | Mumps Additional Context Medication Codes (47 codes) | Mumps Additional Context Symptom Codes (1315 codes) | Mumps Additional Context Clinical Lab Result Codes (74 codes) | Mumps Additional Context Immunization Codes (49 codes),0,,1210,2252,2974,2974,match
Naegleria fowleri Primary Amebic Meningoencephalitis,https://tes.tools.aimsplatform.org/api/fhir/ValueSet/ea403ba3-8124-48d4-9d53-58425245c98a,6.0.0,,,,1,428175000 Naegleria fowleri Primary Amebic Meningoencephalitis (1210 codes),0,,0,,1210,0,1210,1210,match
Neonatal Abstinence Syndrome,https://tes.tools.aimsplatform.org/api/fhir/ValueSet/a8cac85b-4297-4633-a9a0-f265e0b9acc5,6.0.0,,,,1,414819007 Neonatal Abstinence Syndrome (4088 codes),0,,0,,4088,0,4088,4088,match
Nipah Virus Infection,https://tes.tools.aimsplatform.org/api/fhir/ValueSet/b2fcfe3c-ae60-46e8-aec2-c86a06ae4b08,6.0.0,,,,1,406597005 Nipah Virus Infection (39 codes),0,,0,,39,0,39,39,match
Non-Polio Enterovirus Infection,https://tes.tools.aimsplatform.org/api/fhir/ValueSet/daadfe59-aac8-4130-b57c-7d5de061fab9,6.0.0,,,,1,53648006 Non-Polio Enterovirus Infection (826 codes),0,,0,,826,0,826,826,match
Non-Streptococcal Toxic Shock Syndrome,https://tes.tools.aimsplatform.org/api/fhir/ValueSet/acda4439-873e-409c-9432-2a133001b34b,6.0.0,,,,1,18504008 Non-Streptococcal Toxic Shock Syndrome (7 codes),0,,0,,7,0,7,7,match
Non-pestis Yersiniosis,https://tes.tools.aimsplatform.org/api/fhir/ValueSet/de6effca-c314-499d-9554-171d1241051e,6.0.0,,,,1,83436008 Non-pestis Yersiniosis (809 codes),0,,0,,809,0,809,809,match
Nongonococcal Urethritis,https://tes.tools.aimsplatform.org/api/fhir/ValueSet/cc179b10-e347-4aff-8b42-6c6666e0ff50,6.0.0,partial,Not all relevant nested Additional Context Groupers have complete coverage,,1,84619001 Nongonococcal Urethritis (140 codes),1,Nongonococcal Urethritis Additional Context Medication Codes (253 codes),0,,140,253,393,393,match
"Nontuberculous Mycobacteria Infection, Extrapulmonary",https://tes.tools.aimsplatform.org/api/fhir/ValueSet/06e6a340-e274-490d-a937-97c1553a8572,6.0.0,,,,1,"111811007 Nontuberculous Mycobacteria Infection, Extrapulmonary (1485 codes)",0,,0,,1485,0,1485,1485,match
"Nontuberculous Mycobacteria Infection, Pulmonary",https://tes.tools.aimsplatform.org/api/fhir/ValueSet/6a27d878-2981-4bfa-b210-619774127802,6.0.0,,,,1,"1731000119106 Nontuberculous Mycobacteria Infection, Pulmonary (822 codes)",0,,0,,822,0,822,822,match
Norovirus Infection,https://tes.tools.aimsplatform.org/api/fhir/ValueSet/b460f7ca-c55a-4b50-9c74-8024a337a32d,6.0.0,partial,Not all relevant nested Additional Context Groupers have complete coverage,,1,721763002 Norovirus infection (312 codes),2,Norovirus Infection Additional Context Symptom Codes (5 codes) | Norovirus Infection Additional Context Specimen Source Codes (1 codes),0,,312,6,318,318,match
Omphalocele,https://tes.tools.aimsplatform.org/api/fhir/ValueSet/0af48f9d-ce12-4e1f-b378-975fd84a226a,6.0.0,,,,1,18735004 Omphalocele (13 codes),0,,0,,13,0,13,13,match
Ophthalmia Neonatorum,https://tes.tools.aimsplatform.org/api/fhir/ValueSet/9a84f893-eb81-4ac3-b00a-ef3ef928ed85,6.0.0,,,,1,34298002 Ophthalmia Neonatorum (80 codes),0,,0,,80,0,80,80,match
Opioid Overdose and Poisoning,https://tes.tools.aimsplatform.org/api/fhir/ValueSet/d8b7282f-b9f0-4666-b4a5-109684c40342,6.0.0,,,,1,242253008 Opioid Overdose and Poisoning (1250 codes),0,,0,,1250,0,1250,1250,match
Oropouche Virus Disease,https://tes.tools.aimsplatform.org/api/fhir/ValueSet/f4810fd6-44e6-46aa-80ad-270879454279,6.0.0,,,,1,72880002 Oropouche Virus Disease (1984 codes),0,,0,,1984,0,1984,1984,match
Orthopoxvirus Disease,https://tes.tools.aimsplatform.org/api/fhir/ValueSet/68309661-c5fe-4126-8b32-bf13c028b118,6.0.0,,,,1,414015000 Orthopoxvirus Disease (141 codes),0,,0,,141,0,141,141,match
Parkinson's disease,https://tes.tools.aimsplatform.org/api/fhir/ValueSet/b8452faf-6516-466b-b3b8-7a8627fa29ca,6.0.0,,,,1,49049000 Parkinson's disease (128 codes),0,,0,,128,0,128,128,match
Pelvic Inflammatory Disease,https://tes.tools.aimsplatform.org/api/fhir/ValueSet/7f62ece8-0955-4701-b8d5-6ddf1214ce20,6.0.0,partial,Not all relevant nested Additional Context Groupers have complete coverage,,1,198130006 Pelvic Inflammatory Disease (1507 codes),1,Pelvic Inflammatory Disease Additional Context Medication Codes (356 codes),0,,1507,356,1863,1863,match
Pertussis,https://tes.tools.aimsplatform.org/api/fhir/ValueSet/9f75b061-f17f-4d42-a979-d5a9f9bd9428,6.0.0,complete,,2026-02-24T00:00:00-07:00,1,27836007 Pertussis (645 codes),5,Pertussis Additional Context Diagnosis Codes (6421 codes) | Pertussis Additional Context Medication Codes (5558 codes) | Pertussis Additional Context Immunization Codes (173 codes) | Pertussis Additional Context Symptom Codes (500 codes) | Pertussis Additional Context Specimen Source Codes (8 codes),0,,645,12630,13204,13204,match
Pesticide Related Illness or injury,https://tes.tools.aimsplatform.org/api/fhir/ValueSet/e22b0a62-3f73-457c-9a13-d95a1141baeb,6.0.0,,,,1,37131007 Pesticide Related Illness or injury (470 codes),0,,0,,470,0,470,470,match
Phenylketonuria,https://tes.tools.aimsplatform.org/api/fhir/ValueSet/4ddec385-9d1e-4d81-b0d0-3ccf3c7a90b1,6.0.0,,,,1,190687004 Phenylketonuria (12 codes),0,,0,,12,0,12,12,match
Plague,https://tes.tools.aimsplatform.org/api/fhir/ValueSet/420fa39c-fdf8-45fd-a98b-10f27f5e4f99,6.0.0,,,,1,58750007 Plague (812 codes),0,,0,,812,0,812,812,match
Poliovirus Infection,https://tes.tools.aimsplatform.org/api/fhir/ValueSet/3425f1dc-7b0c-4781-aa87-3b85d2c690ca,6.0.0,partial,Not all relevant nested Additional Context Groupers have complete coverage,,1,398102009 Poliovirus Infection (577 codes),1,Poliovirus Infection Additional Context Immunization Codes (115 codes),0,,577,115,692,692,match
Powassan virus disease,https://tes.tools.aimsplatform.org/api/fhir/ValueSet/e108d9bf-808c-4ecd-8fb0-3f1bb4ce69fc,6.0.0,partial,Not all relevant nested Additional Context Groupers have complete coverage,,1,416707008 Powassan virus disease (498 codes),1,Powassan virus disease Additional Context Symptom Codes (36 codes),0,,498,36,534,534,match
Primary Congenital Hypothyroidism,https://tes.tools.aimsplatform.org/api/fhir/ValueSet/0d1ebb73-79e8-4cd9-acb1-43fd413cabf2,6.0.0,,,,1,190268003 Primary Congenital Hypothyroidism (121 codes),0,,0,,121,0,121,121,match
Prion Disease (Human),https://tes.tools.aimsplatform.org/api/fhir/ValueSet/406594b0-b870-4a31-9a38-a4a09446cfdb,6.0.0,,,,1,20484008 Prion Disease (Human) (108 codes),0,,0,,108,0,108,108,match
Psittacosis,https://tes.tools.aimsplatform.org/api/fhir/ValueSet/eacf2657-52ab-46c4-9015-01b86436cb84,6.0.0,,,,1,75116005 Psittacosis (486 codes),0,,0,,486,0,486,486,match
Pulmonary Valve Atresia and Stenosis,https://tes.tools.aimsplatform.org/api/fhir/ValueSet/3d3a6e18-2eb0-437b-b567-e3931a59ff85,6.0.0,,,,1,204339005 Pulmonary Valve Atresia and Stenosis (26 codes),0,,0,,26,0,26,26,match
Q fever,https://tes.tools.aimsplatform.org/api/fhir/ValueSet/83ab38de-5824-4a3d-a304-d7381a83fd3e,6.0.0,,,,1,186788009 Q Fever (765 codes),0,,0,,765,0,765,765,match
RSV,https://tes.tools.aimsplatform.org/api/fhir/ValueSet/09de3a87-085a-4c72-b7ba-27caacc25ddb,6.0.0,complete,,2026-02-24T00:00:00-07:00,2,6415009 Respiratory Syncytial Virus (RSV) (1212 codes) | 55735004 Respiratory Syncytial Virus (RSV)-Associated Mortality (1217 codes),5,RSV Additional Context Clinical Lab Result Codes (62 codes) | RSV Additional Context Symptom Codes (999 codes) | RSV Additional Context Medication Codes (4437 codes) | RSV Additional Context Immunization Codes (25 codes) | RSV Additional Context Diagnosis Codes (4926 codes),0,,1217,10415,11200,11200,match
Rabies (Human),https://tes.tools.aimsplatform.org/api/fhir/ValueSet/991b9c3a-c71b-4abc-8075-83181ce7790a,6.0.0,,,,1,14168008 Rabies (Human) (560 codes),0,,0,,560,0,560,560,match
Rectal and Large Intestinal Atresia and Stenosis,https://tes.tools.aimsplatform.org/api/fhir/ValueSet/9a335b0c-1650-4924-be51-6181837dffa6,6.0.0,,,,1,268205005 Rectal and Large Intestinal Atresia and Stenosis (19 codes),0,,0,,19,0,19,19,match
Renal Agenesis and Hypoplasia,https://tes.tools.aimsplatform.org/api/fhir/ValueSet/97fbc560-83ff-4d1e-ac8a-917cc1e63511,6.0.0,,,,1,32659003 Renal Agenesis and Hypoplasia (31 codes),0,,0,,31,0,31,31,match
Reye's Syndrome,https://tes.tools.aimsplatform.org/api/fhir/ValueSet/5e8ffb05-cd8f-4bc3-a760-1da147b63252,6.0.0,,,,1,74351001 Reye's Syndrome (4 codes),0,,0,,4,0,4,4,match
Rheumatic Fever,https://tes.tools.aimsplatform.org/api/fhir/ValueSet/ca6a4759-c46d-4c77-bdcd-22aca3c94fb2,6.0.0,,,,2,58718002 Rheumatic Fever (235 codes) | 195528001 Rheumatic Fever (233 codes),0,,0,,235,0,235,235,match
Ricin Poisoning,https://tes.tools.aimsplatform.org/api/fhir/ValueSet/6d33796b-4613-4f6e-b081-c8b52a7d3ef8,6.0.0,,,,1,409617000 Ricin Poisoning (65 codes),0,,0,,65,0,65,65,match
Rotavirus Disease,https://tes.tools.aimsplatform.org/api/fhir/ValueSet/b47a289a-e918-48ff-81de-501efb7f99c9,6.0.0,,,,1,18624000 Rotavirus Disease (140 codes),0,,0,,140,0,140,140,match
Rubella,https://tes.tools.aimsplatform.org/api/fhir/ValueSet/d9096a7b-0202-46e1-b526-bb3c729de7df,6.0.0,complete,,2026-02-24T00:00:00-07:00,2,1857005 Congenital Rubella Syndrome (CRS) (1972 codes) | 36653000 Rubella (1675 codes),4,Rubella Additional Context Diagnosis Codes (775 codes) | Rubella Additional Context Clinical Lab Result Codes (150 codes) | Rubella Additional Context Immunization Codes (46 codes) | Rubella Additional Context Symptom Codes (2596 codes),0,,3132,3567,4136,4136,match
Salmonella,https://tes.tools.aimsplatform.org/api/fhir/ValueSet/dbcb2fd9-fede-48e6-b931-5d6c7b0ca668,6.0.0,complete,,2026-02-24T00:00:00-07:00,5,4834000 S. Typhi Infection (678 codes) | 85904008 S. Paratyphi Infection (684 codes) | 302231008 Salmonellosis (3298 codes) | 79128009 S. Paratyphi Infection (521 codes) | 5595000 S. Typhi Infection (518 codes),6,Salmonella Additional Context Diagnosis Codes (1519 codes) | Salmonella Additional Context Medication Codes (7808 codes) | Salmonella Additional Context Immunization Codes (27 codes) | Salmonella Additional Context Symptom Codes (974 codes) | Salmonella Additional Context Specimen Source Codes (9 codes) | Salmonella Additional Context Clinical Lab Result Codes (36 codes),0,,3520,10372,13777,13777,match
Scabies,https://tes.tools.aimsplatform.org/api/fhir/ValueSet/43dfff8b-f6be-4b4a-8c6f-6d279c5e0560,6.0.0,partial,Not all relevant nested Additional Context Groupers have complete coverage,,1,128869009 Scabies (523 codes),1,Scabies Additional Context Medication Codes (41 codes),0,,523,41,564,564,match
Seafood Poisoning,https://tes.tools.aimsplatform.org/api/fhir/ValueSet/be6be159-99d1-40ae-9c5d-3cce44b19671,6.0.0,,,,1,269275003 Seafood Poisoning (59 codes),0,,0,,59,0,59,59,match
Severe Acute Respiratory Syndrome (SARS),https://tes.tools.aimsplatform.org/api/fhir/ValueSet/354feb2f-f74c-4cdd-8f1d-2a4218096b4f,6.0.0,partial,Not all relevant nested Additional Context Groupers have complete coverage,,1,398447004 Severe Acute Respiratory Syndrome (SARS) (1017 codes),4,Severe Acute Respiratory Syndrome (SARS) Additional Context Diagnosis Codes (27 codes) | Severe Acute Respiratory Syndrome (SARS) Additional Context Specimen Source Codes (3 codes) | Severe Acute Respiratory Syndrome (SARS) Additional Context Medication Codes (619 codes) | Severe Acute Respiratory Syndrome (SARS) Additional Context Symptom Codes (92 codes),0,,1017,741,1757,1757,match
Severe Combined Immunodeficiency,https://tes.tools.aimsplatform.org/api/fhir/ValueSet/9102478e-941c-420a-9b6c-d8fd2c7ced92,6.0.0,,,,1,31323000 Severe Combined Immunodeficiency (76 codes),0,,0,,76,0,76,76,match
Shigellosis,https://tes.tools.aimsplatform.org/api/fhir/ValueSet/28598028-951c-4279-a3c9-fc8df94e5acf,6.0.0,partial,Not all relevant nested Additional Context Groupers have complete coverage,,1,36188001 Shigellosis (770 codes),2,Shigellosis Additional Context Symptom Codes (35 codes) | Shigellosis Additional Context Specimen Source Codes (2 codes),0,,770,37,807,807,match
Sickle Cell Anemia (Hemoglobin SS Disease),https://tes.tools.aimsplatform.org/api/fhir/ValueSet/5e4e24ea-89ea-46ed-8b8c-b6d7c99e1eb7,6.0.0,,,,1,127040003 Sickle Cell Anemia (Hemoglobin SS Disease) (85 codes),0,,0,,85,0,85,85,match
Silicosis or pneumoconiosis due to dust containing silica,https://tes.tools.aimsplatform.org/api/fhir/ValueSet/e838c675-ff3e-415c-bef9-3a0c691e112b,6.0.0,,,,1,805002 Silicosis or pneumoconiosis due to dust containing silica (5802 codes),0,,0,,5802,0,5802,5802,match
Single Ventricle,https://tes.tools.aimsplatform.org/api/fhir/ValueSet/4786ffc8-1652-47df-90a5-8271f3716438,6.0.0,,,,1,45503006 Single Ventricle (42 codes),0,,0,,42,0,42,42,match
Small Intestinal Atresia and Stenosis,https://tes.tools.aimsplatform.org/api/fhir/ValueSet/82d1a8a6-6e25-4f22-b3f7-715fa3e0ef80,6.0.0,,,,1,204691002 Small Intestinal Atresia and Stenosis (30 codes),0,,0,,30,0,30,30,match
Smallpox,https://tes.tools.aimsplatform.org/api/fhir/ValueSet/cdd2d02c-daef-4c2a-93be-09e77b2e4690,6.0.0,partial,Not all relevant nested Additional Context Groupers have complete coverage,,1,67924001 Smallpox (823 codes),2,Smallpox Additional Context Immunization Codes (24 codes) | Smallpox Additional Context Medication Codes (63 codes),0,,823,87,910,910,match
Snowshoe hare virus disease,https://tes.tools.aimsplatform.org/api/fhir/ValueSet/3109dae8-52a3-4d9d-a9b9-96e4269cd219,6.0.0,,,,1,404236003 Snowshoe hare virus disease (476 codes),0,,0,,476,0,476,476,match
Soil-Transmitted Helminth Infections,https://tes.tools.aimsplatform.org/api/fhir/ValueSet/20fae6ef-1f02-4a6f-9ac6-ad26d1a7d2bb,6.0.0,,,,1,1382227005 Soil-Transmitted Helminth Infections (570 codes),0,,0,,570,0,570,570,match
Spina Bifida,https://tes.tools.aimsplatform.org/api/fhir/ValueSet/6e10bc0a-a8a4-42ff-837c-bf9ff8b878b9,6.0.0,,,,1,67531005 Spina Bifida (106 codes),0,,0,,106,0,106,106,match
Spinal Muscular Atrophy,https://tes.tools.aimsplatform.org/api/fhir/ValueSet/99e1f199-c5e7-440f-88e3-5a792c718fae,6.0.0,,,,1,5262007 Spinal Muscular Atrophy (53 codes),0,,0,,53,0,53,53,match
Spotted Fever Rickettsiosis,https://tes.tools.aimsplatform.org/api/fhir/ValueSet/b653b10b-31da-477e-9494-73dfc150d84c,6.0.0,partial,Not all relevant nested Additional Context Groupers have complete coverage,,1,186771002 Spotted Fever Rickettsiosis (804 codes),1,Spotted Fever Rickettsiosis Additional Context Clinical Lab Result Codes (5 codes),0,,804,5,809,809,match
St. Louis Encephalitis Virus Infection,https://tes.tools.aimsplatform.org/api/fhir/ValueSet/3bf02bbb-b52f-44e1-9016-50de900608ed,6.0.0,,,,2,416129000 St. Louis Encephalitis Virus Infection (172 codes) | 417192005 St. Louis Encephalitis Virus Infection (523 codes),0,,0,,523,0,523,523,match
Staphylococcal Disease,https://tes.tools.aimsplatform.org/api/fhir/ValueSet/8c68e1e9-691d-47b4-9aaf-095f1b4b89ea,6.0.0,partial,Not all relevant nested Additional Context Groupers have complete coverage,,2,406602003 Staphylococcus aureus Infection (1043 codes) | 419488004 Staphylococcal Enterotoxin B Poisoning (98 codes),1,Staphylococcal Disease Additional Context Diagnosis Codes (2 codes),0,,1067,2,1069,1069,match
Streptoccal Disease,https://tes.tools.aimsplatform.org/api/fhir/ValueSet/58980eef-1861-4ea0-95a6-486f57acf2da,6.0.0,complete,,2026-02-24T00:00:00-07:00,5,"406612005 Streptococcal disease, invasive, Group B (746 codes) | 406614006 Streptococcal disease, invasive, Group A (853 codes) | 406610002 Streptococcal disease, invasive (476 codes) | 240451000 Streptococcal Toxic Shock Syndrome (1424 codes) | 406617004 Invasive Pneumococcal Disease (974 codes)",6,Streptococcal Disease Additional Context Diagnosis Codes (10348 codes) | Streptococcal Disease Additional Context Specimen Source Codes (2 codes) | Streptococcal Disease Additional Context Symptom Codes (2728 codes) | Streptococcal Disease Additional Context Medication Codes (6950 codes) | Streptococcal Disease Additional Context Clinical Lab Result Codes (550 codes) | Streptococcal Disease Additional Context Immunization Codes (185 codes),0,,1841,20686,22278,22278,match
Strongyloidiasis,https://tes.tools.aimsplatform.org/api/fhir/ValueSet/b7013449-4536-4626-89c5-0bbfa4a9d92e,6.0.0,,,,1,1214006 Strongyloidiasis (631 codes),0,,0,,631,0,631,631,match
Suicide,https://tes.tools.aimsplatform.org/api/fhir/ValueSet/633dd1b0-3674-4a55-adf2-381031e21a2f,6.0.0,,,,1,44301001 Suicide (19 codes),0,,0,,19,0,19,19,match
Surgical Site Infection (SSI),https://tes.tools.aimsplatform.org/api/fhir/ValueSet/74bc9530-adb7-41c4-a8d3-ee51f32caf4b,6.0.0,,,,1,433202001 Surgical Site Infection (SSI) (37 codes),0,,0,,37,0,37,37,match
Syphilis,https://tes.tools.aimsplatform.org/api/fhir/ValueSet/78356523-0253-421c-8230-a41bc7c44199,6.0.0,complete,,2025-10-01T00:00:00-06:00,2,"35742006 Syphilis, Congenital (858 codes) | 76272004 Syphilis (1117 codes)",5,Syphilis Additional Context Diagnosis Codes (2207 codes) | Syphilis Additional Context Specimen Source Codes (6 codes) | Syphilis Additional Context Clinical Lab Result Codes (3449 codes) | Syphilis Additional Context Symptom Codes (2565 codes) | Syphilis Additional Context Medication Codes (61 codes),0,,1158,8288,9436,9436,match
Taeniasis,https://tes.tools.aimsplatform.org/api/fhir/ValueSet/2a59d8cc-f7a6-4ca0-b653-56f7b8117a1d,6.0.0,,,,1,76172008 Taeniasis (597 codes),0,,0,,597,0,597,597,match
Tetanus,https://tes.tools.aimsplatform.org/api/fhir/ValueSet/5ef98371-5cad-423a-9927-3399eeb036f8,6.0.0,partial,Not all relevant nested Additional Context Groupers have complete coverage,,1,76902006 Tetanus (467 codes),2,Tetanus Additional Context Immunization Codes (200 codes) | Tetanus Additional Context Medication Codes (266 codes),0,,467,466,933,933,match
Tetralogy of Fallot (TOF),https://tes.tools.aimsplatform.org/api/fhir/ValueSet/d41c1a46-d0ae-45ee-9bd5-f3aa3e925935,6.0.0,,,,1,86299006 Tetralogy of Fallot (TOF) (14 codes),0,,0,,14,0,14,14,match
Tick Paralysis,https://tes.tools.aimsplatform.org/api/fhir/ValueSet/1160dd9a-326e-4535-a64c-aeef10f6f16d,6.0.0,,,,1,74225001 Tick Paralysis (182 codes),0,,0,,182,0,182,182,match
Tickborne relapsing fever (TBRF),https://tes.tools.aimsplatform.org/api/fhir/ValueSet/0854d4c1-ea7d-464a-b055-be44c2cc24b9,6.0.0,partial,Not all relevant nested Additional Context Groupers have complete coverage,,1,10301003 Tickborne relapsing fever (TBRF) (1293 codes),1,Tickborne relapsing fever (TBRF) Additional Context Clinical Lab Result Codes (5 codes),0,,1293,5,1298,1298,match
Total Anomalous Pulmonary Venous Connection (TAPVC),https://tes.tools.aimsplatform.org/api/fhir/ValueSet/1fc0195d-50c9-40cb-902a-a7c39d9d2c28,6.0.0,,,,1,111323005 Total Anomalous Pulmonary Venous Connection (TAPVC) (14 codes),0,,0,,14,0,14,14,match
Toxoplasmosis,https://tes.tools.aimsplatform.org/api/fhir/ValueSet/2ad82970-993d-4054-9520-7e4e8b0586ee,6.0.0,,,,1,187192000 Toxoplasmosis (1805 codes),0,,0,,1805,0,1805,1805,match
Transposition of the Great Arteries (TGA),https://tes.tools.aimsplatform.org/api/fhir/ValueSet/d5630219-494d-4738-99d5-b6ed0dcb2ee2,6.0.0,,,,1,204296002 Transposition of the Great Arteries (TGA) (16 codes),0,,0,,16,0,16,16,match
Trichinellosis,https://tes.tools.aimsplatform.org/api/fhir/ValueSet/61407f5e-9c6f-4b1f-a31b-1defe360f3ca,6.0.0,,,,1,709018004 Trichinellosis (739 codes),0,,0,,739,0,739,739,match
Tricuspid Valve Atresia and Stenosis,https://tes.tools.aimsplatform.org/api/fhir/ValueSet/b68ce8a6-8305-43fc-b7fa-4303cf4b371a,6.0.0,,,,1,4374004 Tricuspid Valve Atresia and Stenosis (18 codes),0,,0,,18,0,18,18,match
Trisomy 13,https://tes.tools.aimsplatform.org/api/fhir/ValueSet/be1ff23d-11e1-4cc4-8078-22f130bd3724,6.0.0,,,,1,21111006 Trisomy 13 (619 codes),0,,0,,619,0,619,619,match
Trisomy 18,https://tes.tools.aimsplatform.org/api/fhir/ValueSet/c321ff25-292e-4e43-88c5-af0b8675f733,6.0.0,,,,1,51500006 Trisomy 18 (615 codes),0,,0,,615,0,615,615,match
Trivittatus virus disease,https://tes.tools.aimsplatform.org/api/fhir/ValueSet/2e05140b-e3ab-4ea6-b613-32271a808e21,6.0.0,,,,1,240507007 Trivittatus virus disease (465 codes),0,,0,,465,0,465,465,match
Truncus Arteriosus (Common Truncus),https://tes.tools.aimsplatform.org/api/fhir/ValueSet/4ef25df5-ec01-41b4-964b-f28b29c340ef,6.0.0,,,,1,61959006 Truncus Arteriosus (Common Truncus) (19 codes),0,,0,,19,0,19,19,match
Tuberculosis,https://tes.tools.aimsplatform.org/api/fhir/ValueSet/ef5b6d5c-bc9e-4ad2-a2b4-d50abe8d8cfd,6.0.0,partial,Not all relevant nested Additional Context Groupers have complete coverage,,2,"56717001 Tuberculosis (1878 codes) | 11999007 Tuberculosis, Latent Infection (LTBI) (99 codes)",2,Tuberculosis Additional Context Diagnosis Codes (3 codes) | Tuberculosis Additional Context Medication Codes (473 codes),0,,1887,476,2362,2362,match
Tularemia,https://tes.tools.aimsplatform.org/api/fhir/ValueSet/21bdb69a-643e-405a-9a29-ef67fe9aeb1b,6.0.0,,,,1,19265001 Tularemia (535 codes),0,,0,,535,0,535,535,match
Typhus Fever,https://tes.tools.aimsplatform.org/api/fhir/ValueSet/682309da-ae46-4d83-84ac-4428881bc614,6.0.0,,,,1,240613006 Typhus Fever (914 codes),0,,0,,914,0,914,914,match
Vaccine Adverse Event,https://tes.tools.aimsplatform.org/api/fhir/ValueSet/f5a1b09b-b30b-4ecf-a5cd-46316e605da3,6.0.0,,,,1,293104008 Vaccine Adverse Event (467 codes),0,,0,,467,0,467,467,match
Vaccinia Disease or Adverse Event,https://tes.tools.aimsplatform.org/api/fhir/ValueSet/1e362aa1-bc25-47a7-ab90-789c39c07765,6.0.0,,,,1,409636005 Vaccinia Disease or Adverse Event (1085 codes),0,,0,,1085,0,1085,1085,match
Vancomycin-resistant Organisms,https://tes.tools.aimsplatform.org/api/fhir/ValueSet/e9f6806a-0ee6-49c7-9d40-422c1829848d,6.0.0,,,,3,406575008 Vancomycin-resistant Enterococci (VRE) Infection (551 codes) | 406604002 Vancomycin-intermediate Staphylococcus aureus (VISA) (506 codes) | 404681006 Vancomycin-resistant Staphylococcus aureus (VRSA) (516 codes),0,,0,,608,0,608,608,match
Varicella,https://tes.tools.aimsplatform.org/api/fhir/ValueSet/be274630-9c08-4d85-8af6-d4b7664cf39a,6.0.0,complete,,2026-02-24T00:00:00-07:00,1,38907003 Varicella (882 codes),5,Varicella Additional Context Diagnosis Codes (1920 codes) | Varicella Additional Context Clinical Lab Result Codes (141 codes) | Varicella Additional Context Medication Codes (7085 codes) | Varicella Additional Context Immunization Codes (28 codes) | Varicella Additional Context Symptom Codes (3245 codes),0,,882,12404,13161,13161,match
Ventilator-associated Event (VAE),https://tes.tools.aimsplatform.org/api/fhir/ValueSet/5fa38c95-b9e4-4573-9576-763a0042b9ec,6.0.0,,,,1,71695001 Ventilator-associated Event (VAE) (13 codes),0,,0,,13,0,13,13,match
Ventricular septal defect,https://tes.tools.aimsplatform.org/api/fhir/ValueSet/5d6451b8-26f2-485e-9745-a4102849c822,6.0.0,,,,1,768552007 Ventricular septal defect (78 codes),0,,0,,78,0,78,78,match
Vesicular Stomatitis,https://tes.tools.aimsplatform.org/api/fhir/ValueSet/10733322-695b-4e69-94e2-9e7600da87fd,6.0.0,,,,1,36921006 Vesicular Stomatitis (502 codes),0,,0,,502,0,502,502,match
Vibriosis,https://tes.tools.aimsplatform.org/api/fhir/ValueSet/6c565524-1651-4372-b298-7f6a748c9f6e,6.0.0,partial,Not all relevant nested Additional Context Groupers have complete coverage,,1,398557001 Vibriosis (1578 codes),1,Vibriosis Additional Context Symptom Codes (53 codes),0,,1578,53,1631,1631,match
Viral Hemorrhagic Fever (VHF),https://tes.tools.aimsplatform.org/api/fhir/ValueSet/d31c9509-3646-4725-a8c2-ec10701dca3a,6.0.0,,,,1,240523007 Viral Hemorrhagic Fever (VHF) (2272 codes),0,,0,,2272,0,2272,2272,match
West Nile Virus Infection,https://tes.tools.aimsplatform.org/api/fhir/ValueSet/3e8a8c05-3a36-4348-9c52-1db3c060972c,6.0.0,,,,1,417093003 West Nile Virus Infection (539 codes),0,,0,,539,0,539,539,match
Western equine encephalitis virus disease,https://tes.tools.aimsplatform.org/api/fhir/ValueSet/94bb1d9a-5ef2-4e5b-bea3-a39347de37ce,6.0.0,,,,1,47523006 Western equine encephalitis virus disease (516 codes),0,,0,,516,0,516,516,match
Work-related Asthma (WRA),https://tes.tools.aimsplatform.org/api/fhir/ValueSet/af4790a3-ba2e-419e-ac3d-d0e024399ca9,6.0.0,,,,1,57607007 Work-related Asthma (WRA) (269 codes),0,,0,,269,0,269,269,match
X-linked Adrenoleukodystrophy,https://tes.tools.aimsplatform.org/api/fhir/ValueSet/88f42380-dbd8-4d61-b67f-8dfc962a2413,6.0.0,,,,1,65389002 X-linked Adrenoleukodystrophy (94 codes),0,,0,,94,0,94,94,match
Yellow fever,https://tes.tools.aimsplatform.org/api/fhir/ValueSet/b2f4f9c5-6d1a-456c-9a67-1f47e9816044,6.0.0,partial,Not all relevant nested Additional Context Groupers have complete coverage,,1,16541001 Yellow Fever (599 codes),2,Yellow fever Additional Context Immunization Codes (21 codes) | Yellow fever Additional Context Clinical Lab Result Codes (1 codes),0,,599,22,621,621,match
Zika Virus Disease,https://tes.tools.aimsplatform.org/api/fhir/ValueSet/2236d7c1-2778-4f1e-bfda-73730632896e,6.0.0,partial,Not all relevant nested Additional Context Groupers have complete coverage,,1,3928002 Zika Virus Disease (1720 codes),1,Zika Virus Disease Additional Context Symptom Codes (4 codes),0,,1720,4,1724,1724,match
